{"train/grad_norm":3.9647085666656494,"train/loss":2.7135,"train_runtime":13.934,"train/epoch":1,"eval/loss":3.088122606277466,"_timestamp":1.7656958583514645e+09,"train_samples_per_second":0.718,"total_flos":6.258131748864e+12,"_step":15,"eval/runtime":0.4684,"train_loss":2.952031636238098,"_runtime":37,"train/global_step":10,"eval/samples_per_second":21.348,"eval/steps_per_second":4.27,"train/learning_rate":1e-05,"train_steps_per_second":0.718,"_wandb":{"runtime":37}}