{"train_runtime":15.3648,"eval/steps_per_second":4.277,"train/epoch":1,"_runtime":195,"eval/runtime":0.4676,"train_loss":2.96610312461853,"train/learning_rate":1e-05,"train_samples_per_second":0.651,"total_flos":6.258131748864e+12,"train/grad_norm":4.033080577850342,"train/loss":2.7457,"_timestamp":1.765695354685925e+09,"eval/samples_per_second":21.386,"eval/loss":3.1239352226257324,"train/global_step":10,"_step":15,"train_steps_per_second":0.651,"_wandb":{"runtime":195}}