{"_timestamp":1.7656964303695862e+09,"_step":0,"bleu":6.981611489844065,"chrf++":22.711668886645597,"_wandb":{"runtime":324},"_runtime":324,"comet":0.44988720715045927}