{"train/grad_norm":4.32517147064209,"_runtime":28,"_timestamp":1.7656959598212843e+09,"eval/runtime":0.479,"train/loss":2.7404,"train_loss":2.961047625541687,"train_runtime":16.0147,"train_steps_per_second":0.624,"eval/loss":3.1178581714630127,"_wandb":{"runtime":28},"eval/samples_per_second":20.878,"train_samples_per_second":0.624,"eval/steps_per_second":4.176,"_step":15,"train/epoch":1,"total_flos":6.258131748864e+12,"train/global_step":10,"train/learning_rate":1e-05}