{"train/learning_rate":1e-05,"train_loss":2.95881986618042,"_runtime":33,"_step":15,"total_flos":6.258131748864e+12,"eval/runtime":0.4874,"_wandb":{"runtime":33},"eval/samples_per_second":20.518,"_timestamp":1.7656960689857361e+09,"eval/steps_per_second":4.104,"train_steps_per_second":0.661,"train_samples_per_second":0.661,"eval/loss":3.111450433731079,"train/global_step":10,"train/epoch":1,"train/grad_norm":4.331917762756348,"train/loss":2.7333,"train_runtime":15.1242}